Random Number,Time
13,00:00:00
18,00:00:05
15,00:00:10
1,00:00:15
18,00:00:20
16,00:00:25
5,00:00:30
16,00:00:35
30,00:00:40
28,00:00:45
6,00:00:50
8,00:00:55
8,00:01:00
30,00:01:05
28,00:01:10
22,00:01:15
5,00:01:20
20,00:01:25
23,00:01:30
28,00:01:35
10,00:01:40
24,00:01:45
19,00:01:50
3,00:01:55
9,00:02:00
3,00:02:05
19,00:02:10
7,00:02:15
6,00:02:20
14,00:02:25
25,00:02:30
26,00:02:35
26,00:02:40
28,00:02:45
12,00:02:50
22,00:02:55
13,00:03:00
18,00:03:05
10,00:03:10
9,00:03:15
2,00:03:20
11,00:03:25
2,00:03:30
13,00:03:35
23,00:03:40
22,00:03:45
16,00:03:50
1,00:03:55
17,00:04:00
20,00:04:05
17,00:04:10
5,00:04:15
13,00:04:20
29,00:04:25
7,00:04:30
9,00:04:35
9,00:04:40
10,00:04:45
11,00:04:50
26,00:04:55
30,00:05:00
6,00:05:05
13,00:05:10
24,00:05:15
20,00:05:20
24,00:05:25
4,00:05:30
4,00:05:35
14,00:05:40
13,00:05:45
20,00:05:50
8,00:05:55
2,00:06:00
7,00:06:05
28,00:06:10
11,00:06:15
19,00:06:20
21,00:06:25
29,00:06:30
16,00:06:35
11,00:06:40
28,00:06:45
7,00:06:50
30,00:06:55
1,00:07:00
2,00:07:05
11,00:07:10
18,00:07:15
15,00:07:20
15,00:07:25
11,00:07:30
10,00:07:35
5,00:07:40
19,00:07:45
4,00:07:50
29,00:07:55
29,00:08:00
6,00:08:05
28,00:08:10
10,00:08:15